step,train_loss,lr,grad_norm,tokens_per_sec
1,9.82030200958252,5e-05,0.5021154284477234,1129
10,9.555073738098145,0.0005,0.5961942076683044,16021
20,8.428204536437988,0.001,0.9797783493995667,18630
30,6.769054412841797,0.001,1.2258247137069702,19212
40,5.746932506561279,0.001,0.6786561012268066,18789
50,5.085263729095459,0.001,0.4032953977584839,19134
60,4.858597755432129,0.001,0.3456686735153198,19370
70,4.626498222351074,0.001,0.3525623083114624,18761
80,4.292306900024414,0.001,0.37332016229629517,18729
90,4.202326774597168,0.001,0.33446168899536133,18448
100,3.898655414581299,0.001,0.3646596670150757,18497
110,3.871391773223877,0.001,0.3760240375995636,18552
120,3.762904405593872,0.001,0.4010341167449951,19318
130,3.5253894329071045,0.001,0.5314552783966064,18051
140,3.42706298828125,0.001,0.45646145939826965,18764
150,3.3383169174194336,0.001,0.49032464623451233,18408
160,3.145484685897827,0.001,0.49000343680381775,18274
170,3.145128011703491,0.001,0.5266883969306946,18439
180,2.9641687870025635,0.001,0.5530184507369995,18391
190,2.8516523838043213,0.001,0.5352171659469604,18706
200,2.777928590774536,0.001,0.5343058109283447,19152
210,2.7926440238952637,0.001,0.7156496047973633,17821
220,2.662473440170288,0.001,0.5889038443565369,18288
230,2.5742151737213135,0.001,0.6399099230766296,17437
240,2.500188112258911,0.001,0.6647561192512512,18138
250,2.401050329208374,0.001,0.7228304147720337,16272
260,2.2366952896118164,0.001,0.7012808918952942,16390
270,2.194941520690918,0.001,0.6404017210006714,17836
280,2.095649242401123,0.001,0.7191166281700134,18520
290,1.9481357336044312,0.001,0.7920398116111755,18608
300,1.925915002822876,0.001,0.8376563787460327,17287
310,1.7855620384216309,0.001,0.7480633854866028,18457
320,1.6659533977508545,0.001,1.0428953170776367,18773
330,1.6877506971359253,0.001,0.9035502076148987,17594
340,1.5747358798980713,0.001,0.8663265109062195,17078
350,1.4652191400527954,0.001,0.8933065533638,16665
360,1.3781111240386963,0.001,0.943743884563446,17305
370,1.2870044708251953,0.001,0.9360679388046265,18620
380,1.1935514211654663,0.001,0.9240559935569763,17039
390,1.1776448488235474,0.001,0.9555182456970215,17608
400,1.0065292119979858,0.001,0.9063860774040222,19115
410,0.9435333609580994,0.001,1.047548770904541,18745
420,0.8948996663093567,0.001,1.0515446662902832,18956
430,0.7950090765953064,0.001,1.0496002435684204,19089
440,0.7220969200134277,0.001,1.0377683639526367,18382
450,0.6361440420150757,0.001,0.956350564956665,18727
460,0.5471063852310181,0.001,1.0468685626983643,18404
470,0.4991443455219269,0.001,0.8658793568611145,19048
480,0.43453899025917053,0.001,0.8043398261070251,18951
490,0.3699137568473816,0.001,0.7858155369758606,18190
500,0.31360098719596863,0.001,0.6611575484275818,19061
510,0.28995370864868164,0.001,0.7513465285301208,19279
520,0.24748347699642181,0.001,0.7196332812309265,18837
530,0.20903551578521729,0.001,0.5976282954216003,18796
540,0.18586832284927368,0.001,0.717484176158905,18813
550,0.171645849943161,0.001,0.7572026252746582,18471
560,0.152315154671669,0.001,0.5551365613937378,18391
570,0.14244332909584045,0.001,0.5874393582344055,18887
580,0.12351220846176147,0.001,0.5099890828132629,18875
590,0.1232985109090805,0.001,0.6272682547569275,19011
600,0.11747407913208008,0.001,0.5938636660575867,15777
610,0.11030441522598267,0.001,0.6320087313652039,18405
620,0.1111849918961525,0.001,0.6196209788322449,18812
630,0.10582555085420609,0.001,0.8275322318077087,18553
640,0.09720540791749954,0.001,0.6098196506500244,19012
650,0.09270898997783661,0.001,0.6517331600189209,19137
660,0.09390447288751602,0.001,0.593895673751831,18659
670,0.07834413647651672,0.001,0.46993887424468994,18299
680,0.09744107723236084,0.001,0.871008038520813,18113
690,0.08659479022026062,0.001,0.5811964273452759,18910
700,0.10006023943424225,0.001,0.866367518901825,18032
710,0.08793281018733978,0.001,0.5287366509437561,17874
720,0.08472026884555817,0.001,0.5596705079078674,18221
730,0.08550480753183365,0.001,0.6180397272109985,18755
740,0.08167675137519836,0.001,0.5816662311553955,18510
750,0.08349287509918213,0.001,0.6606540083885193,18654
760,0.07750248908996582,0.001,0.5720254778862,415
770,0.07137399166822433,0.001,0.41661760210990906,18639
780,0.07582198083400726,0.001,0.5018406510353088,18504
790,0.0778205469250679,0.001,0.6036439538002014,18456
800,0.07728318870067596,0.001,0.5833315253257751,19088
810,0.07341857999563217,0.001,0.6095712184906006,18759
820,0.07445782423019409,0.001,0.5992116928100586,18832
830,0.08480282127857208,0.001,0.7205524444580078,18785
840,0.07883790880441666,0.001,0.6941851377487183,17835
850,0.07345092296600342,0.001,0.5266885757446289,18520
860,0.07928043603897095,0.001,0.6273196339607239,18632
870,0.07291049510240555,0.001,0.6255166530609131,18437
880,0.06962045282125473,0.001,0.5206238031387329,19140
890,0.07368144392967224,0.001,0.46554332971572876,19131
900,0.07067602872848511,0.001,0.41692641377449036,19170
910,0.06647539883852005,0.001,0.4108094871044159,19311
920,0.06536921858787537,0.001,0.43979451060295105,19022
930,0.06241154670715332,0.001,0.40123042464256287,18480
940,0.06192457675933838,0.001,0.3507179319858551,18738
950,0.06623447686433792,0.001,0.48149850964546204,18591
960,0.06795021146535873,0.001,0.47728586196899414,18948
970,0.06967020034790039,0.001,0.5813814997673035,17779
980,0.06526078283786774,0.001,0.43860647082328796,19124
990,0.06982041895389557,0.001,0.47658494114875793,19192
1000,0.07447400689125061,0.001,0.5278072357177734,18933
1010,0.06493912637233734,0.001,0.4980466365814209,18490
1020,0.07175476849079132,0.001,0.45775923132896423,18626
1030,0.06537660956382751,0.001,0.6829047799110413,18779
1040,0.06527478992938995,0.001,0.4004576504230499,18995
1050,0.060060013085603714,0.001,0.3720346987247467,18879
1060,0.06956814974546432,0.001,0.40026894211769104,18050
1070,0.061816927045583725,0.001,0.3475649356842041,19354
1080,0.0636957585811615,0.001,0.42807283997535706,18446
1090,0.0652497187256813,0.001,0.4221460521221161,17996
1100,0.06272750347852707,0.001,0.44625124335289,17328
1110,0.05961859971284866,0.001,0.33986711502075195,18332
1120,0.064071886241436,0.001,0.39459142088890076,18782
1130,0.06010542809963226,0.001,0.3781980276107788,19012
1140,0.06382174789905548,0.001,0.34526416659355164,19035
1150,0.06607858091592789,0.001,0.5758678913116455,19021
1160,0.08148999512195587,0.001,0.6465457677841187,17971
1170,0.06745140999555588,0.001,0.6942744851112366,18252
1180,0.06298632174730301,0.001,0.4212060272693634,18269
1190,0.06645089387893677,0.001,0.4897332191467285,18140
1200,0.06756915897130966,0.001,0.5683770179748535,18780
1210,0.06164957582950592,0.001,0.3860270380973816,18506
1220,0.06847766041755676,0.001,0.3809233009815216,18988
1230,0.05884735658764839,0.001,0.2848764657974243,17221
1240,0.06059611216187477,0.001,0.39953237771987915,17286
1250,0.05894545838236809,0.001,0.33845898509025574,18458
1260,0.06461915373802185,0.001,0.40253376960754395,17744
1270,0.06166481599211693,0.001,0.39076414704322815,18401
1280,0.06739255785942078,0.001,0.49216005206108093,17942
1290,0.05822618305683136,0.001,0.497043639421463,18432
1300,0.06478990614414215,0.001,0.3866342008113861,18473
1310,0.058180369436740875,0.001,0.3104390501976013,15090
1320,0.060665592551231384,0.001,0.41549617052078247,14939
1330,0.05361425504088402,0.001,0.21230630576610565,16105
1340,0.0633092001080513,0.001,0.4200812876224518,17452
1350,0.0662253201007843,0.001,0.4243518114089966,16629
1360,0.060435280203819275,0.001,0.3997974991798401,18834
1370,0.07242836058139801,0.001,0.4929293692111969,17169
1380,0.05531974136829376,0.001,0.23985591530799866,17308
1390,0.05723436549305916,0.001,0.24703778326511383,17044
1400,0.05909042805433273,0.001,0.44042378664016724,16540
1410,0.06085304915904999,0.001,0.3732551336288452,14289
1420,0.06704145669937134,0.001,0.518833577632904,12879
1430,0.06608165800571442,0.001,0.41301438212394714,15674
1440,0.059492506086826324,0.001,0.3558666706085205,13687
1450,0.06309222429990768,0.001,0.42521902918815613,15221
1460,0.058127786964178085,0.001,0.32547527551651,12568
1470,0.06514730304479599,0.001,0.5576021075248718,16560
1480,0.05753333494067192,0.001,0.2881709933280945,17227
1490,0.059443507343530655,0.001,0.5051474571228027,17153
1500,0.05779006704688072,0.001,0.2898533046245575,15608
